country,cases
Afghanistan,423
Albania,383
Algeria,1468
Andorra,545
Angola,17
Antigua and Barbuda,19
Argentina,1628
Armenia,853
Australia,5895
Austria,12639
Azerbaijan,717
Bahamas,33
Bahrain,811
Bangladesh,164
Barbados,63
Belarus,861
Belgium,22194
Belize,7
Benin,26
Bhutan,5
Bolivia,194
Bosnia and Herzegovina,764
Botswana,6
Brazil,14034
Brunei,135
Bulgaria,577
Burkina Faso,384
Burma,22
Burundi,3
Cabo Verde,7
Cambodia,115
Cameroon,658
Canada,17872
Central African Republic,8
Chad,10
Chile,5116
China,82718
Colombia,1780
Congo (Brazzaville),45
Congo (Kinshasa),180
Costa Rica,483
Cote d'Ivoire,349
Croatia,1282
Cuba,396
Cyprus,494
Czechia,5017
Denmark,5266
Diamond Princess,712
Djibouti,90
Dominica,15
Dominican Republic,1956
Ecuador,3747
Egypt,1450
El Salvador,78
Equatorial Guinea,16
Eritrea,31
Estonia,1149
Eswatini,10
Ethiopia,52
Fiji,15
Finland,2308
France,110065
Gabon,30
Gambia,4
Georgia,196
Germany,107663
Ghana,287
Greece,1832
Grenada,12
Guatemala,77
Guinea,144
Guinea-Bissau,33
Guyana,33
Haiti,25
Holy See,7
Honduras,305
Hungary,817
Iceland,1586
India,5311
Indonesia,2738
Iran,62589
Iraq,1122
Ireland,5709
Israel,9248
Italy,135586
Jamaica,63
Japan,3906
Jordan,353
Kazakhstan,697
Kenya,172
"Korea, South",10331
Kosovo,170
Kuwait,743
Kyrgyzstan,228
Laos,14
Latvia,548
Lebanon,548
Liberia,14
Libya,20
Liechtenstein,78
Lithuania,880
Luxembourg,2970
MS Zaandam,9
Madagascar,88
Malawi,8
Malaysia,3963
Maldives,19
Mali,56
Malta,293
Mauritania,6
Mauritius,268
Mexico,2439
Moldova,1056
Monaco,79
Mongolia,15
Montenegro,241
Morocco,1184
Mozambique,10
Namibia,16
Nepal,9
Netherlands,19709
New Zealand,1160
Nicaragua,6
Niger,278
Nigeria,254
North Macedonia,599
Norway,6086
Oman,371
Pakistan,4035
Panama,2100
Papua New Guinea,2
Paraguay,115
Peru,2954
Philippines,3764
Poland,4848
Portugal,12442
Qatar,2057
Romania,4417
Russia,7497
Rwanda,105
Saint Kitts and Nevis,11
Saint Lucia,14
Saint Vincent and the Grenadines,8
San Marino,279
Sao Tome and Principe,4
Saudi Arabia,2795
Senegal,237
Serbia,2447
Seychelles,11
Sierra Leone,6
Singapore,1481
Slovakia,581
Slovenia,1059
Somalia,8
South Africa,1749
South Sudan,2
Spain,141942
Sri Lanka,185
Sudan,14
Suriname,10
Sweden,7693
Switzerland,22253
Syria,19
Taiwan*,376
Tanzania,24
Thailand,2258
Timor-Leste,1
Togo,65
Trinidad and Tobago,107
Tunisia,623
Turkey,34109
US,396223
Uganda,52
Ukraine,1462
United Arab Emirates,2359
United Kingdom,55949
Uruguay,424
Uzbekistan,520
Venezuela,165
Vietnam,249
West Bank and Gaza,261
Western Sahara,4
Zambia,39
Zimbabwe,11
