country,deaths
Afghanistan,14
Albania,22
Algeria,193
Andorra,22
Angola,2
Antigua and Barbuda,1
Argentina,56
Armenia,8
Australia,45
Austria,243
Azerbaijan,8
Bahamas,6
Bahrain,5
Bangladesh,17
Barbados,3
Belarus,13
Belgium,2035
Belize,1
Benin,1
Bhutan,0
Bolivia,14
Bosnia and Herzegovina,33
Botswana,1
Brazil,686
Brunei,1
Bulgaria,23
Burkina Faso,19
Burma,1
Burundi,0
Cabo Verde,1
Cambodia,0
Cameroon,9
Canada,375
Central African Republic,0
Chad,0
Chile,43
China,3335
Colombia,50
Congo (Brazzaville),5
Congo (Kinshasa),18
Costa Rica,2
Cote d'Ivoire,3
Croatia,18
Cuba,11
Cyprus,9
Czechia,88
Denmark,203
Diamond Princess,11
Djibouti,0
Dominica,0
Dominican Republic,98
Ecuador,191
Egypt,94
El Salvador,4
Equatorial Guinea,0
Eritrea,0
Estonia,21
Eswatini,0
Ethiopia,2
Fiji,0
Finland,34
France,10343
Gabon,1
Gambia,1
Georgia,3
Germany,2016
Ghana,5
Greece,81
Grenada,0
Guatemala,3
Guinea,0
Guinea-Bissau,0
Guyana,5
Haiti,1
Holy See,0
Honduras,22
Hungary,47
Iceland,6
India,150
Indonesia,221
Iran,3872
Iraq,65
Ireland,210
Israel,65
Italy,17127
Jamaica,3
Japan,92
Jordan,6
Kazakhstan,6
Kenya,6
"Korea, South",192
Kosovo,4
Kuwait,1
Kyrgyzstan,4
Laos,0
Latvia,2
Lebanon,19
Liberia,3
Libya,1
Liechtenstein,1
Lithuania,15
Luxembourg,44
MS Zaandam,2
Madagascar,0
Malawi,1
Malaysia,63
Maldives,0
Mali,5
Malta,0
Mauritania,1
Mauritius,7
Mexico,125
Moldova,22
Monaco,1
Mongolia,0
Montenegro,2
Morocco,90
Mozambique,0
Namibia,0
Nepal,0
Netherlands,2108
New Zealand,1
Nicaragua,1
Niger,11
Nigeria,6
North Macedonia,26
Norway,89
Oman,2
Pakistan,57
Panama,55
Papua New Guinea,0
Paraguay,5
Peru,107
Philippines,177
Poland,129
Portugal,345
Qatar,6
Romania,197
Russia,58
Rwanda,0
Saint Kitts and Nevis,0
Saint Lucia,0
Saint Vincent and the Grenadines,0
San Marino,34
Sao Tome and Principe,0
Saudi Arabia,41
Senegal,2
Serbia,61
Seychelles,0
Sierra Leone,0
Singapore,6
Slovakia,2
Slovenia,36
Somalia,0
South Africa,13
South Sudan,0
Spain,14045
Sri Lanka,6
Sudan,2
Suriname,1
Sweden,591
Switzerland,821
Syria,2
Taiwan*,5
Tanzania,1
Thailand,27
Timor-Leste,0
Togo,3
Trinidad and Tobago,8
Tunisia,23
Turkey,725
US,12722
Uganda,0
Ukraine,45
United Arab Emirates,12
United Kingdom,6171
Uruguay,7
Uzbekistan,2
Venezuela,7
Vietnam,0
West Bank and Gaza,1
Western Sahara,0
Zambia,1
Zimbabwe,2
